sentence,label
reason lack actual levelling  quite clear people run ideology interest conservative party,1
reason protest lightly use public credit save private banking structure tend bring state control credit,0
new england journal medicine study prove effectiveness break number percentage barrier negative effectiveness,0
biden administration predict nearly number million americans get infection fall winter warning number median estimate many case possible especially new variant appear,0
movementa movement within government independent taxpayerto rationalize structure bottom next high stratum impulse absorb power one absorb divide reasonably,0
therefore unprecedented use public credit make propose make meet crisis must soon pass,1
high rate aim slow market likely put pressure many household business washington post report,0
daca thenpresident barack obama defer action childhood arrival immigration amnesty program shield young people come united states illegally deport,0
may anarchy price long justify suppose law supply demand,1
regardless whether tentative agreement approve deep issue rail system remain,1
pictwittercomthb42hdbho tom wenseleer twenseleer august number number far belgium see lion share bfnumber case identify globally number percentage,0
since number say secretary treasury picture materially change federal government adopt fullfledge income tax number estate tax number begin wisconsin number state state adopt income tax though moderate rate today twentytwo form taxation,0
first day schedule event go ahead without incident monday tuesday police issue ban saturday parade well counterprotest,0
less government much government less money,1
never see bad say dan domenech executive director school superintendent association,0
feds stake various feed future meal site find one place suppose feed numbernumber child,0
day city council adopt two resolution one call upon congress reduce federal government expenditure onefifth call upon congress vote government bond issue many billion might necessary spend money make possible american citizen inalienable right earn honest living family,0
study author use countingprocess extension cox model formulate timevarying effect bnt162b2 vaccine previous sarscovnumber infection rate sarscovnumber infection adjustment demographic variable,0
thus responsibility solvency banking whole pass government,0
left want devalue abolish citizenship mean american confer benefit legal people illegal succeed,1
émile faguet frenchman book entitle dread responsibility write like surrender state allow impose even heavy task upon,0
thisthat cost government shall reduce,1
news footage day show group young man march capital chant kill kill kill poof,0
china ruler seem resign slow economy,0
state find hard retain staff poor rural urban district primarily serve student color,0
vaccine effectiveness measure effectiveness vaccine,1
could lead recession coming year federal reserve chairman jerome powell confirm whether recession happen severity,0
yet fast growth money supply far translate equivalent acceleration credit,0
newspaper tv news programme treat funeral straight news story,0
time new taxis invent,0
nobody know lie future,0
limit focus corporate board shareholder  financial interest alone corporate law intend confine sphere influence corporation means protect democracy civic institution corporate overreachjust society confer certain legal advantage nonprofit corporation return confine activity sphere charitable cause,1
impress result yi wen federal reserve bank st louis jing wu tsinghua university write another like china paper entitle withstand great recession like china,0
revelation discovery following may treat cause inquiry board bar examiner determine whether applicant possess character fitness practice law,0
last may go deep,0
union also manage win increase health care copay deductible key sticking point underreported medium,0
say city two freeway build right angle meet middle town,0
urban rural environmental planning strategic longterm process fundamental revitalise region also respond ecological crisis,0
cry racism work peak safari claim feed numbernumber child day,0
assistant commissioner department social welfare report first year oldage pension state new york say protest come mainly people rural district pensioner visible struggle pay taxis oldage pension provide delegate represent correspond work california complain operation oldage pension law state hamper two condition eligible one must citizen good character,0
china have other string to pull,0
like prune tree lustier growth hereafter unless settle public credit principle limit drastic manner ferocious growth government,1
ilhan omar angle mecca angle,0
one american government wartime power war finance corporation,0
hence passion public borrowing,1
creation limitedliability corporation potent tool simply unlock economic gain private sector also stop potentially limitless corporate power could infect sphere society beyond marketplace good service,1
spender one elect office bond issue vote cheerful alacrity,1
bumpy road even juncture,1
china currency also weaken,0
2010s enrollment teacherpreparation program decline third college report far doubledigit decline since number,0
democrats congress try ban alien illegal alien replace foreign national undocumented foreign national,0
illegalalien lawyer allow try prevent fellow illegal alien deport,1
judicial activism come outcomeoriente decision base policy prefer judge judge rather law say,0
increase cost popular government,0
consolidate power hand government expect situation push hard,1
cancellation show necessity host europride belgrade mihailović say,0
clear however pass responsibility government exchange freedom something else yet unnamed,1
yet suppose differently,0
world detail property circulate suppose market  website one control cabal highend buyingselle agent operate completely grid,1
sometime the tide of itself will rise again,0
one guest former general parliamentarian andrei gurulyov man previously advocate missile strike uk time call britain seat evil ,0
number activist defiantly try reorganise municipal authority cancel year year cite security concern claim unable ensure safety participant,0
new policy help blur line illegal alien lawfully present alien citizen long goal openborder leave,1
what then,1
china cut variety interest rate include first reduction benchmark deposit rate since number,0
notion stand sharp contrast shareholder capitalism call corporate executive maximise shareholder return else,0
every minute kid personally beyond tread water mental health say bethany collins quit january eight year los angelesarea middle school teacher,0
exposé real problem new england journal medicine study realworld datum prove vaccinated population immune system return natural state see among unvaccinated population,0
serbia become candidate eu membership number government come pressure brussels prove commitment democratic value,0
conservative manifesto number one least substantial term propose rule party agenda outside one major pledge get brexit ,1
last two year five teacher say nick clark teach high school fort worth,0
well know cow milk expert hand regular manner give milk cow milk haphazard manner neighborhood,0
first piece legislation contain slogan name reach early parliamentary stage recent month levelling regeneration bill suppose set mission may complete,0
every resource soften institutional feature use include motionpicture show concert extensive library pool table newspaper magazine really well place live many private home tax support,1
addition everpresent threat lockdown crush confidence consumer entrepreneur,1
department justice announce today federal criminal charge number defendant allege role dollar number million fraud scheme exploit federallyfunde child nutrition program covidnumber pandemic,0
many journalist try cling remnant professional standard,1
allow local authority issue another 500bn special bond suppose repay revenue infrastructure project finance,0
study back month work research datum collection rule class conduct team expose,0
well law mean every case interfere power government back public credit,0
recent event reinforce fundamental truth economic life,0
vučić say regret cite deepen security crisis neighbouring kosovo economic pressure among reason postpone europride happy time,0
write official line queen death strikingly respectful take lead vladimir putin message condolence,1
one day work every four belong government,1
title well receive argument echo variety paper innovate like china invest like china internationalise like china,0
already cost government absorb roughly onequarter total national income,0
modern city new form life really one science form individual helplessness rise social liability,1
may mean surrender first new occasion take back,1
pandemic politic two primary factor,1
I be just drown,0
big pharma company know ally democrats one easily figure lead,1
thoughtful proponent stakeholder capitalism argue friedman miss important point corporation exist state nature exist society permit,0
government ever want less governmentthat less,1
and I really mean impressive,1
absolutely not,0
rise cost government increase graft corruption evil relative sense diminish increase waste ratio probably fairly constant,0
whatever else may go conjecture evident itselfnamely rise cost government suddenly one generation traditional basis point begin absorb onequarter total national income political social oman great significance,1
part leftist war american value english language,0
someone have to,0
case spot far strain evade tecovirimat though rule class warn low barrier resistance pose risk resistant variant could emerge spread,0
banumber still predict overtake many place banumbernumber similar advantage plain banumber different outcome,0
us freight railroad worker push breaking point rail carrier profit ever strike avert early hour thursday morning table,1
add would surprised see new variant altogether fall,0
news medium repeat slogan inquire sincerely might mean ask might happen project vision,1
idea first present bid number exactly showcase europride country really need,0
federal expenditure much less rise cost government would suppose,0
let ask political social force act absorb national income purpose governmentacting increase taxation,1
yet evening tv political talk show whose host seem compete strident xenophobic next take different tack,1
there be many aspect of government,0
impulse select extensible form,0
another reason taxpayer entitle unctuous feeling presence social service,1
boss command support first beneficiary social service secondly promote live social service thirdly whose doctrine take give still machine,1
ask barry massey public information officer new mexico administrative office court explain bacon remark,0
freeway run south edge compton along east edge overall look pretty well serve freeway sit middle rectangle freeway,1
new mexico republicans denounce ruling,0
covid variant booster authorization come week brace next variant,1
panicked response political elite medium institution completely unfounded rail strike would indeed cause crisis supply chain general economy,1
country may outpace country economy year,0
bind war terrific extension government,1
stakeholder capitalism refersor least use referto idea company serve shareholder also societal interest,0
measure person immune system performance,0
growth advantage multiple country make reasonable think bfnumber gain foothold potentially transmissible parent banumber ray say,0
unanimous decision alldemocrat supreme court state new mexico come august number form new set rule govern admission bar pdf selfcontradictory clear report leftist scribe,1
therefore ideasany themthere two question first work,0
new variant evade vaccine actually harm people surface rule class need another lockdown panic unruly slave mass compliance fear,1
question extent politician especially catering somalis help enable,0
rail worker sick day limited amount pay time make job increasingly unsustainable kind family life,0
even economic writer time concede tory absolutely plan economic growth instead attempt extend mean renti capitalism protect extraction site build wish community tory donor continue produce poor quality unecological private home need tear couple decade collapse,1
crisis economic human welfare,0
little social service really spontaneous straight taxpayer heart,1
new york attorney general letitia james file lawsuit former president donald trump fraud,0
shtfplan accord report ndtv new covidnumber variant banumber account number percent recent case across us,0
citizen corporate chief tackle social issue say entrepreneur author,0
bad year afraid go happen next year,0
consider example olga skabeyeva one energetically toxic say government rossiyanumber channel,1
course bfnumber transmissible variant,0
many require single amino acid change fda say,0
finding chart show effectiveness covidnumber injection infection fall zero april number among child vaccinate november number,0
pride organiser remain defiant say serbian government lack legal authority cancel,0
consider kind state would much less decide want,1
aim always successful create economic growth across country intervene public health improve housing,0
although dveri negligible force national politic party win number percentage vote year election supermajority parliamentary seat hold rightleane party electoral incentive improve lgbtq right,0
misguide put focus hope onto one section work class ignore immense latent power logistic worker possess,1
secondly signal stalk market cloak privacy surround property come sale,0
conservative movement keep potentially divisive topic public school accelerate number produce law florida say gay bill ban teach critical race theory curriculum transparency bill require teacher post classroom material online,0
biden administration breathe perhaps temporary sigh relief pull stop avert strike,0
public credit nation different,0
part disrespect think put body front kid,0
they have no theory among they,1
reference state provide improve attorney license immigrant population daca recipients legal immigrant andor unauthorized immigrant massey say email,0
social fabric diverse democracy depend preserve certain space apolitical sanctuary especially divided body politic like,1
concerned next year admit,0
be this a warning of what to come,0
catch culture war recent poll number percent teacher say education become politicize teach,0
intent show unlike differently motivate force economic social political tend together swallow national income government also produce result intend,1
blunkett use phrase defend education spending basis would improve life low income student without level wealthier high achieve student,0
one parent accuse groom child run lgbt student club high school,0
hope congress see fit provide dollar number billion protect banking interest united states see necessity pass legislation protect old people,1
numerous alumnus blackrock esgpromote financial institution occupy senior role administration american president voice support stakeholder capitalism,0
suppose work tide rise save redeem able perform terrific gymnastic feat get back equilibrium,1
banker loath lend money investor reluctant buy bond,0
go day lead world recessionbuste,1
research find six state allow illegal practice law,0
kremlin squeeze independent medium coverage queen funeral demonstrate postmodern propaganda state compete  narrative entrepreneur  try make mark please boss,1
which district be hard hit,0
ndmp accord draft bill implement secretary state whim,1
marko mihailović numberyearold figurehead belgrade pride lead city win bid,0
use emergency power win war use fight depression,1
statement white house say administration act within limited funding increase supply athome covidnumber test strategic national stockpile sns purchase number million additional athome rapid test domestic manufacturer,0
think would like say,0
course suggestion continue mask get inject continue mask get booster,0
enlighten state run even high,0
author include zheng song chinese university hong kong try explain china distinctive pace pattern development,0
say corrupt government tend limit defeat,1
politicize climate teacher even find personal life fall great hostile scrutiny,0
fact white house say shortterm solution problem,0
political motive give many authority labourrun hardly tory  interest mayor pursue alternative agenda may work well challenge developer landlord fund conservative party,1
left deliberately obscure distinction illegal alien people immigrate lawfully united states,1
result monetary easing translate big expansion credit,0
time struggle make pandemic learning loss increase teacher  workload lead mount pressure increasingly antagonistic parent micromanage administrator,0
two half year disasterridden parliament however levellingup  remain sloganpolicy beyond small pot money seem heavily skewed towards tory marginal constituency,1
district reject mask requirement struggle enforce come work mean daily exposure covid,0
suit file civil suit however criminal charge may come well,0
isteve commenter bostex write inumber saint paul racist road,1
never know many  friend simply shrug happy state clue,0
intelligent uproar sense superficial probably delusive,1
strong consistent opposition lgbtq right serbia come dveri party hardright religious conservative often organise family value parade day belgrade pride form counterprot,0
fiscal swing like number percentage gdp two year number number,0
tax power many hand much less effective might,1
make read report indoctrinate policy wonk write difficult read write immigrant unclear actually mean lawfully present immigrant use word euphemism illegal alien,1
hate speech far prevalent call violence call use weapon prevent pride one even detain question let alone prosecute,0
face tight labor market many district raise base salary offer signing relocation bonus whopping dollar numbernumber one new mexico school district,0
railroad throw hand government demand public credit save bankruptcy radical force protest academic sense reason believe public ownership railroad see perhaps clearly use public credit tend bring experiment state ownership pass,1
proponent view include american economist milton friedman worry shift away shareholder primacy would make company less efficient less profitable leave society whole bad,0
nevertheless they be limited,0
white house aide work create contingency plan supply chain event strike,0
portion positive test around country forward agency genetic sequencing accord report cbs news,0
thing true crisis responsibility must pass government go far unawares toward experimental state know nothing experience almost nothing theory,1
anything possible time live,1
inumber boston kind racist road skirt roxbury cut terrible racist south boston south boston magic dirt make southie perfectly great live walk around number unlike roxbury access south boston beach bad know black people like swim,1
taxation meanwhile heavily increase much well long increase certainly field popular taxis thereby wealth redistribute downward capitalist society disbelieve way trouble,1
woke  capitalism emphasis,0
vaccination within month inject bad would take shot,0
want redistribute wealth want prey upon,1
thus national income absorb,0
plug budgetary hole number number city track southern weekly mainland newspaper increase amount collect fine last year,0
level bill really planning bill disguise something committee make clear beginning evidence session,1
propose agreement include good wage increase rail worker forty year,0
civil partnership give samesex couple right married one example remain nonexistent,0
despite talk postindustrial service economy getting around fact economy still function without industrial labour,1
indeed one main concern committee much bill vague unspecified cut power like provision secretary state put secondary legislation give bill substantive content future,0
late rule open border even court seem relish make arbitrary decision without think consequence,0
even case slow worldwide case global population approach number billion yet top numbernumber panic fearmongere continue,1
three claim make different highway right different part country,0
garina recall belgrade look like war zone,0
although leftwinger fond say conservative speak code former congressman charles rangel dny famously say tax cut racist dog whistle spic  n  anymore say let cut taxis leftist really speak code,1
momentum already build highly anticipate united parcel service contract fight summer number,0
analyze official government datum year find covidnumber vaccination take average number month kill inject,0
educator say teaching profession require training experience lower bar diminish quality classroom instruction child receive,0
way exchange freedom something elsefor security status refuge terror individual responsibility,1
this it will do by inflate money and credit,0
imperative reduce cost government measurethat make tax dollar buy,1
result typical taxis twenty year increase dollar number dollar number per capita public debt increase dollar number dollar number per capita,0
the explanation be simple,1
mr li repeatedly promise resort floodlike stimulus veiled reference past,0
letter number america ceos mr fink assert stakeholder capitalismis social ideological agenda,0
economic projection also predict unemployment rise number percent current level number percent end year,0
however mokdad warn biden administration projection remain feasible currently dominant variant omicron still remain contagious,0
large development site mews south kensington grant planning permission number doublebasement townhouse struggle attract interest buyer,0
official federal indictment number people number somalis,0
houston number teacher vacancy go school year compensate teacher district texas rural missouri switch fourday week,0
remote learn student  mental health deteriorate cause many act return school,0
etymology level  one distinguish properly neoliberal approach socialist  one use extended phrase level level  example david blunkett theresa may particular policy intervention,0
fight economic consequence overliquidation unjustified fear future united states,1
china like country ease monetary policy global financial crisis strike,0
president joe biden administration repeatedly unsuccessfully ask congress pandemic funding,0
lawyer officer court minimum lawbreaker,1
many economic historian believe help power industrial revolution,0
even global financial crisis number china gdp quickly catch would crisis never happen,0
vučić former farright radical become prime minister year moderate politic win support eu bigwig,1
see selective struggle take place within government,1
indeed criticism newspaper air generally aim either british government play politic  state funeral impromptu summit clumsily handle saudi chinese delegation americans,1
be it a myth,0
state levy upon corporation income state federal taxis together onefifth,0
stakeholder capitalism part broad worldview hold corporate leader play fundamental role determine implement society core value,1
reduce cost government measure tend serve potent force act extend government,0
increase intend combat high level inflation experience much world,0
seem like gear several different angle,1
increase wealth high standard living create demand public service know generation ago twenty year number new activity add responsibility government detroit highschool evening class child clinic childwelfare nurse transportation crippled class mental defective training library personnel testing gas testing material healtheducation nurse camp tubercular child publichealth education medical college college evening class college summer class employment bureau symphony concert cancer clinic cancer nurse human antiserum nurse cooperative high school use radio school,0
cdc closely track mutation virus watch potential variant could resistant monkeypox treatment,0
tax rate rise necessity national income shrink,0
yet everywhere deficit public revenue shrinkage everything taxable sudden violent,1
though journalist knowledge rail industry labour movement sound alarm month last day see mainstream medium outlet publish increasingly frantic article potential strike,0
mihailović fellow organiser see europride number chance take event back political root remind participant across europe pride merely opportunity party,0
what relief do the taxpayer imagine,1
former president face many legal struggle include maralago property search fbi involvement jan number insurrection investigate house select committee,0
never let good crisis go waste right,1
black tend live near center city neighborhood tend get chop,0
politician come forward back,0
give combative willingness rankandfile rail worker vote contract recently simply assume worker vote favour accept agreement,1
we take that for grant,0
course illegal alien definition guilty unlawful conduct hard imagine go daily business without commit act involve dishonesty fraud deceit misrepresentation,1
need legal system work serbia rule law observe say,0
nearly everywhere teacher morale plummet number percent poll january say suffer burnout,0
large number influential farright movement vocal opposition europride recent month may lead vučić cancel event,0
year party lobby parliamentary vote ban pride fail organise protest,0
even regular television news matter fact show footage mass respectful mourner choreographed pageantry human moment sorrow,0
clear steer kremlin different medium outlet still present different perspective operate increasingly dangerous environment one outlet close editor sack journalist imprison even kill step line,0
thus government responsibility oldage security child life tonsil widow backward mentality employment insurance well maternity public nursing recreation adult play plumb housing right nurture infant feeding vocational guidance use leisure everything good life everybody responsibility state procure provide superintend,1
thus bad time like proportion total national income absorb government rise special manner,1
present reconstruction finance corporation revival power time peace,1
tabloid komsomolskaya pravda run largely neutral article albeit overegged headline hardly unknown west give reporter columnist rarely get choose title funeral elizabeth ii racist scandal prince andrew tears corgi farewell mistress ,0
event organiser envisage celebration new progressive era turn chaotic nightmare,1
obviously continue direction without consequence either disastrous fact revolutionary principle,1
huge study conduct several doctor scientist university north carolina north carolina department health human service,0
somewhere inbetween optimum point although never see discussion would fall,1
minute chicago city council may 12th last perfect example commonly regard public credit,1
strike interesting chief justice issue statement levey tell another article,0
how be local government cope,0
anything tend directly indirectly get government business lead state ownership mean production,0
normally majority opinion would speak decision really policyour state value inclusion diversity ruling base policy definition judicial activism,0
say risk violent backlash grow year,0
recombination happen two different variant sarscovnumber virus cause covidnumber infect person time report ndtv,0
competition embarrassing unscientific common point view government seek revenue,1
accord twin cities pioneer press ss catering lead qamar ahmed hassan receive dollar number million federal fund,0
california florida illinois nebraska new york wyoming,0
last week us jolt reckon profound implication national freight railroad worker strike,0
importantly development happen among unionised worker unorganised worker form union,0
letter smart congressional leadership last week union say railroad take away member  ability worthy parent dependable spouse eliminate realistic mean employee receive medical service ,0
go along edge black neighborhood separate nearby white community,0
less many analyst expect less require,0
cover story back winter rely important work local reporter like bill glahn american experiment,0
why be teacher unhappy,0
number except period civil war cost federal government meet almost entirely custom duty tobacco liquor taxis number cost state local government meet property tax supplement somewhat corporation taxis license fee death duty,0
basis paradoxical inclination lack personal lack personal come horror responsibility,1
modern russia propaganda state way soviet union,1
anyone stick head parapet claim know world numbernumber month stick finger air,1
one least consider may call biological aspect government like organism instinct growth selfexpression let alone bind destroy human freedomnot might wish could nature less,1
therefore taxis must increase first order provide much public revenue far increase provide revenue,1
country company consumer remain reluctant borrow even rockbottom interest rate,0
leftist claim perfectly good legal phrase illegal alien somehow sinister dehumanizing,1
principal reason point view government universal income tax would powerful restraint upon expansion government,0
what be popular taxis,0
at the top be the federal government,0
increase past year continue rate cost government fifty year hence would absorb whole national income,0
country resilience author argue rest unconventional bustbusting tool disposal,0
tax break firm account big share year stimulus compare negligible role play numbernumber,0
fact rail carrier profit ever push worker breaking point,1
work government either directly state employee indirectly support employee state,1
why,0
far away black neighborhood neighborhood bypass cut,0
chart show vaccinated child previously infect covidnumber prove zero immunity reinfection delta variant decline begin see reinfection omicron variant,0
city resource unaide creditor people detroit could enjoy benefit social service,0
economist call limited liability one man great invention,0
it be another power grab,1
course essentially audience one man president,0
school close door pandemic hit march number teacher little time prepare shift remote learning fitsandstart reopen school follow year introduce host new problem,0
next year visibility year,0
run rondo neighborhood black neighborhood twin city,0
one fight covidnumber like china,1
result medium free free try guess would please audience,0
court make policy decision find go forward lack citizenship immigration status may use deny law license individual possession law degree otherwise eligible join new mexico bar association,0
world influential proponent stakeholder capitalism blackrock chief executive larry fink mean proclaim company need earn social license operate every day respectable view,1
rep ilhan omar make government meal child one signature issue,0
or an engineer,0
trend expect reverse soon next month,0
predatory parasitic less shameless force inseparable government,1
since become popular refrain defang republican criticism esg movement particular,0
indebted stateowned bus company lanzhou capital gansu province float ingenious idea pay overdue salary staff,1
extreme home rule good government,1
brexit appear horizon time rich international buyer avoid london fear complication might arise outside eu,0
write previously government try year centralise planning system remove much space dissent development whether newbuild housing estate shale gas fracke rig,1
number teacher die covid first year pandemic recent survey find number percent teacher report suffer long covid,0
biden got personally involve phone negotiation labour secretary marty walsh convene,0
suppose stress abnormal public revenue structure government somewhat rationalize mean economy efficiency cost government measure much reduced,1
clearly upper echelon state forget president biden intense involvement broker settlement demonstrate,0
ask american federation teachers president randi weingarten,0
estimate tax commissioner state new york write essay community service magazine preposterous duplication part office power government,0
year talk mission leave behind  place red wallall show electoral hot air always plainly nonsense something tory press go along anyway order pretend actually sort plan end stagnation responsible,1
variant also identify several country around world,0
worker would number percent wage increase number include immediate number percent raise,0
railroad worker remind issue work us explosive ignore,1
well case establish certain thing way anything establishedby fact industrial rhythm break crisis employment become function government provide people work thus responsibility unemployment come rest upon industry think belong upon governmentthe stateand must charge public credit,1
effect work social service flattering sense benignity well less fortunate,1
great economic political advantage enjoy result people get coin term,0
 shock jock  like skabeyeva role bring combative energy jerry springer george orwell two minute hate ,1
fbi warrant note qamar ahmed hassan write approximately dollar numbernumber check ss catering bank account amax travel travel agency specialize haji travel package,0
contrary see must extend meet new responsibility,0
pay time sick day perhaps defining issue dispute gain ambiguous,0
new mexico align least eight state allow attorney licensure immigrant american bar association endorse principle permit attorney practice law regardless immigration status bacon say,0
new mexico become late state welcome illegal alien attorney,0
therefore know could happen public credit city,0
other country push on a string,1
everything need know big problem,1
early hour thursday morning white house announce tentative agreement major rail carrier remain holdout union teamster  brotherhood locomotive engineer trainman blet transportation division international association sheet metal air rail transportation worker smarttd,0
unique set circumstance bring pcl back focus safe choice global player seek somewhere stash cash,0
and guess what,1
bad banking wild speculation senseless credit inflation matter cause private banking structure seem fall become function government support public credit particularly save bank save depositor,1
month scientist watch banumber dub centaurus twitterverse variant interest potential surge fall,0
accord report fortune bfnumber make headway increasingly crowded field omicron subvariant,0
public credit belong people whole may anything like,1
monkeypox go cause another lockdown,1
shipper report delay high rate number previous two year,0
fourteen state oldage pension law number oldage security measure pende forty state legislature,0
dr anthony fauci warn likely fall surge early april,0
several side effect namely pcl became mostly line empty property price go trophy  mode,0
district number percent student body nonwhite number percent teacher resign retire last year,0
adoption precision schedule railroading dramatically reduce number worker deliver immense gain wall street,1
would anyone be surprised,0
decline predict last long however combination wane covidnumber immunity colder weather horizon see people head indoor could send infection back,0
also racist black neighborhood number route elsewhere cut black neighborhood something cause racist mayhem,1
creditor hard yes suppose creditor borrow,1
meanwhile johns hopkins bloomberg school public health epidemiologist dr david dowdy say possible see number case similar late surge,0
imagine today everything aggregate without act individual compose aggregate,1
less government see amount government less money,1
monkeypox could mutate antiviral drug overuse accord recent warning food drug administration,0
third formation force move parallel manner absorb national income extension government make practical reformer idealist goodgovernment people without political theory,1
ultra belgrade big football club momentarily put tribal animosity aside run riot across city beat paradegoer fight run battle police leave two officer seriously injure,0
may sound like lot figure less number percent massive annual profit,0
even thing manufacture country whole lot product transport warehouse,0
zombie neoliberalism level already rich,1
take case new york say,0
one work perhaps try another public already sensitize possibility,1
really advocate nuclear first strike,0
local government pressure keep lid infection preoccupation would distract allout effort boost public investment even financing available,1
property slump hurt land sale account third revenue last year,0
europride go warsaw number riga number belgrade seem like natural next step term political complicated,0
beneficiary daca program become attorney state number special rule,0
first thought war itthe war cost war thing veteran  relief pension national defense,1
new attorney admission rule great victory safeguard attorney status even supreme court eventually invalidate daca,0
also left describe everyone touch nation immigration law immigrant whether illegal alien legal permanent resident,1
big police presence pride finally go ahead peacefully number,0
number vučić even appoint gay politician ana brnabić prime ministerial replacement become president,0
national government would able set parameter thisfor example rate social housing emission reductionsa well focus project cut across country like train,0
conservative reject  boris johnson term clearly use positive sense drop reference level,0
plenty people keen diss uk moment factor make britain safe place live work remain steady greenwich meridian trade east west politically stable island strong rule law,1
half total cost government cost city local government percapita cost number three time number,0
nationally percentage teacher quit soar record level july number past year quit rate drop state district shortage,0
theory problematic behavior part new mexico ruling could still prevent illegal alien give authorization practice law count,1
suddenly though multiple prospective purchaser chase one despite recent vast increase cost build,0
would even think pilot,0
predict new variant come food drug administration decide approve experimental vaccine booster human trial specifically omicron,1
local farright activist appear quietly accept defeat belgrade pride tame smallscale annual event ferocity opposition europride reveal social attitude much different number,1
secretary treasury speech refer tell income inheritance taxis levied reach comparatively people income tax popular number percent people pay income taxis,0
nobody can answer that,1
whether oldage pension would cheap poorhouse question even permissible determine matter fact,0
recent report new poor make welfare council new york city reference mental infection dependency upon investigation unemployment relief,0
yet unction undeserved come fact sourness,1
way downtown two freeway take much surface make pedestrianism inconvenient,0
recent event reveal strike even relatively small number numbernumber rail worker could completely upend economy provoke political crisis,0
china withstand year slowdown past,0
isteve commenter sparkling wiggle write highway placement funny nowin situation,0
fiscal deficit broadly define include offbudget borrowing increase year,0
tecovirimat still available doctor obtain patient expand access protocol set cdc,0
still many nation number million publicschool teacher become deeply disenchanted profession,1
fda issue new guidance antiviral drug know tecovirimat tpoxx publish week online update labeling,0
go window since ukraine war begin,1
freeway take increase percentage city surface go outskirt interchange near center,0
late development come week james refuse settle trump lawyer new york times report,0
worker would grant one single pay sick day,0
even  racist scandal  prove rather contrive comparison way african head state force travel bus white gentleman  joe biden could take car,1
state loosen eligibility requirement,0
what should or should not be be a question that belong to argument,0
little way investment power deprive region plan investment creak infrastructure nothing would support new industry across country,1
thought police bidenharris regime order immigration enforcement agency april number refrain use alien illegal alien,1
mean extension governmentnot bad government good bad together,1
total national income fall proportion absorb government rise,0
hilaire belloc book servile state define something else economic status,0
superficial wherein aim abate acute pain taxpayer pocket anyone suppose reduce cost government economy great efficiency limit government elusive crucial point,1
also time new booster shot want everyone get halloween,1
two thing particular show pcl back business,0
court order concur change recommend board bar examiner code professional conduct committee,0
be there more longterm fix,0
boris johnson declare level  define mission  administration practice main usage sloganpolicy pretend government actually something positive alongside various draconian piece legislation attack democracy,1
content levelling regeneration bill prove level rule party interested level bank account already rich,1
realworld datum supply uk government us government unfortunately show exact thing,1
but the risk be real,1
loss public credit complete ruin would least consequence,1
everyday citizen western democracy range america britain correctly sense something amiss,1
mean first time uk right develop land public matter rather one confer private ownership,0
see camp ultimately triumph tell much far putin really plan drag russia outright totalitarianism,1
last year california colorado ban phrase illegal alien state law,0
first habit one think traditional image machine boss pork barrel spoil system politician everywhere popular character acquire merit power spend public money thing people money people take care time enough everybody money,1
total ruin public credit would disaster fact,1
price increase also see good service directly affect pandemic war ukraine could sign inflation longerterm problem,0
way outskirt average resident inconveniently far freeway,0
far cry rail union  original demand fifteen pay sick day,0
glahn american experiment find feed future number authorize site program approve maximum numbernumber child lot hungry somali kid,1
and we shall have do another thing,1
state shortage also far difficult find teacher math science special education class,0
all the public treasury will be rich,1
usually politician use open newspeaktype term try obscure want say,1
ask question one might tackle regional inequality answer almost always involve longterm state investment often lead local regional government devolve power funding,0
white house official tout effort cut paperwork order get drug socalled compassionate use channel,1
theresa may make explicit socialism level,0
particular kind state sacred particular doctrine wealth dangerous go road theory either kind state lead shall status private wealth within,1
sign financial strain confine ledger book,0
visibility increase progress belgrade,0
bizarre new mexico illegally subject arrest deportation yet time could represent lawyer another illegal alien face thing,0
tolerate give encouragement everexpande cost government,1
security accord economic status person class group place freedom,0
why be teacher unhappy,0
much potent force act upon definite political doctrine,1
trucking shipping company slowly recover supply chain issue cause covidnumber thing get bad rail,0
international alliance theatrical stage employee iatse worker attention country almost go strike unsustainable work schedule similar rail labour dispute,0
first start write rise stakeholder capitalism corporate americaand close cousin esg environmental social governance movement capital marketsi explain term mean new concept audience,0
bernie sander point testimony congress would cost rail carrier total dollar number million per year fulfill demand,0
go middle black neighborhood split community,0
right common variant banumber number percentage banumber comprise number percentage infection banumber comprise number percentage,0
june number nine month toppling serbia autocratic president slobodan milošević serbian capital belgrade attempt host first pride parade,0
either way say public gathering kind would go ahead saturday,0
taxpayer willing sake immediate relief increase load come next,1
that be what it mean to sell bond,0
mean tax mindful wealth favor increase popular taxis aid defective child,1
evident way taxation reach point represent active redistribution wealth hand power government,0
another analysis official uk government datum conduct team expose find mortality rate per 100k low among unvaccinated population age group take approximately five month elevated mortality among vaccinated realize,0
it a kind of brainwashing,1
mitic say dveri member human right antidiscrimination law protect lgbtq individual workplace example oppose promotion ideological homosexualism pride represent,0
arguably damaging rampant increasingly irresolvable cultural discord democracy around world,1
pennsylvania kansas alabama mississippi georgia also report crisis staffing classroom,0
wealthy investor feel fairly confident least grasp happen world economy short mediumterm pcl leave somewhat doldrum,1
give planning system significant redistributive potential take power away landowning elite,0
conservatism be about level up,1
and remember that the pandemic be not over,1
great negative externality stakeholder capitalism one ought internalise return political power nebulous stakeholder back citizen nation,1
reasonable mind differ question debate take booklength work fully adjudicate,1
whether would good otherwise yet point,1
old object animositynamely political bosshas annex idea,1
despite mass medium campaign make believe get booster essential top immunity due decline effectiveness actually impossible vaccine effectiveness wane come covidnumber injection,1
society approach address important social question climate change racial inequity heavily influence dictate corporate chief davos voice everyday citizen public square,1
rise hospitalization mortality high proportionally rise case simply many majority americans right either infect vaccinate immunity say,0
voice count less corporate elite use market power settle political question,1
nonetheless believe fall short legal historical reason lie woke inc book publish last year,1
third fall covidnumber infection death still remain elevate much society return seminormal state child head back school office bustle worker,0
expect surge bad outbreak monkeypox come week,0
actually win expose fault within system reality people power,1
cite example one state state income tax double plus new high federal income tax amount onefifth personal income dollar numbernumber year rise threefifth personal income dollar numbernumber year,0
numbernumber american psychological association survey number percent teacher report physically attack student third report threaten harass,0
and so it go,0
taxis rise point begin devour people possession taxpayer wild relief,1
new mexico high court become authoritarian appear operate outside limit power say state gop chairman steve pearce,0
the intention be to overcome it,0
impressive number charity seem focus somalis minnesota,1
part mean live democracy question determine citizenrypublicly debate privately ballot boxwhere person view unadjuste accord number dollar control marketplace,1
organiser get green light number pride mar farright violence rioting,0
clear original covid shot stop covid would one work,1
of course not,1
insist replenish exist stockpile athome test help meet testing need month ahead put us well position manage potential increase testing demand fall winter,0
structure government strata begin innumerable small local unit boroughs townships school district improvement district one exercise tax power rise thence county city state,0
the senator be only human,1
left aim make horde illegal alien various socalled immigration reform unleash fellow americans year seem normal acceptable,1
money deny feed future complain minorityowne business serve almost exclusively economically disadvantaged child color deny right serve culturally relevant food youth national emergency,0
recent indicator point modest growth spending production fed say,0
number percent number double rate district number percent student white,0
national income dollar number billion year oblige buy government buy national income nearly dollar number billion number moreover depression oblige buy good deal deferredpayment plan,0
denmark germany france see number percentage world identify case far accord covlineagesorg covid datum repository update daily contributor university england scotland australia among,0
know far energy go clear question labour dominate politic year come,0
document note somali eatery claim serve comparable number meal entire st paul public school district,0
story mindblowe sheer scale fraud,1
part due pressure treasury bill introduce new funding,0
one remember southern senator shout loud would steal people hog every time yankee get ham may indignant feeling personal,1
today must explain mean different reason term widely familiar definition dilute great champion,1
poorhouse municipal colony govern idea say magazine new jersey league municipality refuge unfortunate differ people home large facility great number inhabitant,0
nothing bill instead invite put trust whichever multimillionaire landlord former oil executive gets give ministerial position,1
fortune center disease control prevention recently break category case top number percentage dr stuart ray vice chair medicine datum integrity analytic johns hopkins  department medicine tell fortune,0
belgrade choose barcelona dublin lisbon host europride number,0
past economist marvel ability stimulate spending necessary meet growth target adequately employ busy workforce workshop,0
number feed future distribute dollar number million taxpayer food aid fund nonprofit sponsor number shoot dollar number million dollar number million number,0
rule class propaganda outlet announce brand new covid variant move around time autumn,1
recently unexpected organising take place highprofile company like amazon starbuck chipotle,1
enthusiast return home national gathering find city spend less service make business see soon attain standard,1
relate australian covidnumber test kit manufacturer recall numbernumber athome kit due high rate false positive,0
even large response china property slowdown number,0
note chart baseline number vaccinate covidnumber immunity,0
nonetheless clear kremlin impose official line choose secret memoranda call tyomniki circulate medium outlet decide funeral,0
great deal admirable work pay people could afford pay,1
zoom broad view labour dispute one sign grow restlessness combativity among worker,1
key element fraud cry racism,1
addition list number include maine repeal residency provision applicant character reference requirement foreigntrained applicant nevada prohibit denial occupational professional license base solely applicant citizenship immigration status massey say,0
regulator say lab animal study evidence human case family virus suggest monkeypox several genetic pathway evolve resistance tecovirimat,0
apostle stakeholder capitalism convene ski town decry rise populism without recognise populism inevitable byproduct creed,1
ruler prepare accept another lockdown mutate monkeypox virus,1
alternative would revolutionary principle example state appropriate wealth administer directly,1
hero zero simple explanation change approach,0
city course important factor,0
today every state impose gasoline tax thirteen make use taxis tobacco cigarette,0
want draw attention systematic discrimination lack political resolve issue community face say tolerance increase serbian capital less beyond,0
may less effective firm choose spend,0
battle set economic machine motion emergency take new form require new tactic time time,1
number percentage gdp accord goldman sachs,0
this be the income tax alone,1
instead invest profit worker rail infrastructure carrier spend dollar number billion stock buyback since number,0
court get control believe whatever want curt levey president committee justice tell supreme court state new mexico decision strike political legal,0
figure national industrial conference board percapita cost government separately state numbernumber federaldollar numberdollar number statedollar numberdollar number localdollar numberdollar number,0
personally dedicate career exactly type policy change remove barrier economic mobility stability immigrant family across state say,0
majority coverage restrain factual even positive,0
post question think unreasonable think number million infection past three month could happen winter,0
top buying agent tell access number gain know right people,0
enormous increase public revenue war carryover wartime taxis,0
james file criminal referral federal prosecutor separate tax fraud referral irs along lawsuit politico report,0
number american economic review publish influential article entitle grow like china,0
could increase spending help bridge financial gap suffer low level government,1
tentative agreement allow worker take unpaid sick day without lose attendance point though still know exactly many,0
however mihailović remain defiant say far right win,0
follow necessity certain function government assume example wisdom know crisis crisis know liquidation go far enough price low high enough many bank failure constitute crisis bank many railroad failure constitute crisis railroad credit,1
everyone know that impulse,1
china contrast stateowne enterprise localgovernment financing vehicle invest infrastructure civic project borrow eagerly china bank government behest,1
two category problematic behavior unlawful conduct act involve dishonesty fraud deceit misrepresentation,0
paltry fund follow twelve missionssome contain specific aim reduce rate homicide nebulous like increase pride place ,1
speculation instead tell new deadly terrible vaccineresistant variant even five shot stop,1
raise great concern stakeholder capitalism matter define proponent eager strengthen link democracy capitalism time instead assiduously disentangle one,1
society endow shareholder corporation extraordinary gift ordinary person enjoy limited liability,1
suppose it,0
may drop levelling  part phrase etymology show real preoccupation tory party prevent redistribution wealth  public redistribution require invest across uk,1
be this predictive programming,1
wednesday federal reserve decide raise interest rate number percent make third superhike one june july,0
level administration mean challenge regional inequality recently come use talk inequality general,1
lack avid borrower blunt china monetary policy much big economy global financial crisis,0
torrential spending many arm state leave behind excess capacity skewed pattern production heavy debt,1
mr xi become deeply invest maintain zerocovid regime portray proof china superior social model,0
observe one side governmenteven conservative governmentand side force move effect redistribution wealth downward political theory bind different reason favor popular taxis,0
instead give minister power make decision base whomever able lobby successfully fundraising dinner need empower local regional devolve national government make decision base need citizen particularly relation housing utility,1
trenton example make word taboo,0
spiteful critical comment primarily social medium even shout seem genuine public outcry,0
natural level economic recovery long delay measure would soon fail total ruin public credit,1
say hope change whole region finally push thing forward lgbtq right balkan,0
change licensure rule ground fundamental principle fairness consistent new mexico historical value inclusion diversity culture chief justice c shannon bacon democrat say statement,0
system unbridled profitfocused capitalism use serve perhaps important sanctuary long,1
have the modern circumstance overwhelm it,0
emotional appeal add practical suggestion pay cheap end,0
whole country approximately numbernumber separate unit government,0
sunday antipride demonstrator include biker gang religious group farright nationalist rally capital marriage family demand europride parade ban,0
esg fund often charge many time investment fund nearly indistinguishable without esg title,0
florida numbernumber teacher vacancy accord florida policy institute numbernumber kid start school last year without permanent teacher,0
keep change home two future president around number crack hell around number pretty nondescript mostly latino work class community today,1
truly could overcome use public credit objection ground precedent political theory would long prevail,1
state sixtytwo county sixty city addition number town number village last count numbernumber school district try render efficient service amid diffused identity inevitable jealousy roughly numbernumber independent administrative officer board,1
florida military veteran eligible temporary teaching certificate even complete bachelor degree,0
currently evidence direct question serious scrutiny may merit,1
logistic system become interdependent fragile potential leverage worker increase dramatic level,1
many time look slum dwelling distasteful human spectacle say ought law forth,1
newspaper izvestia brutal towards liz truss treat reader detailed account recognise meticulous planning behind event note pass without hitch,1
however demonstrate russia medium environment work,1
idea current prevail work shall enormously increase power selfextension already inherent government,1
may industry accept responsibility unemployment perhaps government must,1
although putin claim would busy attend anyway one head state along belarus alexander lukashenko myanmar lt general myint swe invite either attend send representative hit nerve,1
plan like nhs one area postwar welfare state neoliberal politician able fully dismantle,0
let look map famously black place compton ca home west coast gangsta rap,0
without major change though pool available teacher could continue shrink leave remain everballoone workload,0
initial draft though bill contain little say level  sense action investment would significantly alter life people across ukthose whose town city infrastructure lack investment london part south east decade,1
new booster injection full mrna technology experimental gene therapy shot set authorize week human trial complete,0
also reveal limit ideological position never really count address regional inequality,1
why be teacher unhappy,0
infamous  beast  biden eight ton armoured presidential limousine got stick traffic gloatingly treat poetic justice,1
everyone pay income tax,1
journalist think ask large part leave behind  place need level  first place,1
economy elimination graft needless waste consolidation government competitive part reform structure limit number local civic unit duplication costly,0
therein lie great irony movement whose core justification need capitalist internalise negative externality action create new negative externality,1
last week request dollar number billion emergency funding fall,0
efficient government less cost per measure fast may extend without produce acute pain taxpayer pocket,1
suit name trump trump organization three trump child donald trump jr ivanka trump eric trump claim fraudulently overvalue asset billion dollar,0
extreme liberal socialist radical perfectly honest hater graft corruption government yet increase popular taxis pretense public benefit one way redistribute wealth downward accord doctrine,1
spender public money never want follower,1
find way reduce cost teachertraining program studentdebt burden could help make field attractive,0
firstly evidently demand price,0
xi jinpe china president li keqiang prime minister come office number several year financial crash unwelcome aftereffect china stimulus effort keenly feel,0
very very racist,1
rise even fast national income fall,0
yet little substance serbia lgbtq people,0
await rebuttal argument something curious happen world great proponent stakeholder capitalism respond surprising claim actually stakeholder capitalism indeed thing plain old capitalism,1
tory may happy spend lot public money pandemic way border corrupt still oppose idea state make targeted longterm investment,1
preach gospel responsibility state administer happiness state would prefer kind state simply state,1
president hoover say taste emergency power government,0
actively try make sure scapegoat drugresistant form monkeypox,1
turbulent world strength bring london back attention global elite,0
fraud massively insane americans,1
regard tyranny extreme minority try impose value contradiction collective moral value society,0
yulin city shaanxi province impose fine numbernumber yuan dollar numbernumber grocer sell number5 kg subpar celery,0
speak governmentnational state city localfrom washington county township borough district exercise tax power,0
mutation r346 see variant associate immune evasion mean help virus escape antibody acquire vaccination prior infection,0
entirely clear banumber emerge possible could recombinant variant,0
idea refuge solution public credit degree plausible often good wistful intention,1
willie carver name kentucky number teacher year openly gay english french teacher resign june cite rise homophobia district,0
idea spread like wildfire community community,1
moreover report white house conference child health protection say unquestionably well policy spend money today help handicapped child help spend many time much tomorrow support public expense,0
brief government shall find way less money,0
job gain robust recent month unemployment rate remain low,0
james  lawsuit seek dollar number million disgorgement defendant well bar trump organization engage new york commercial real estate acquisition five year,0
return extraordinary gift corporate shareholder owe implicit obligation back society namely corporation ought consider shareholder interest broad societal interest make decision,1
demand upon public credit social service difficult resist,1
lastminute police ban saturday europride parade plan climax weeklong programme cast spotlight ongoing struggle equality balkan,0
socialist believe everyone something one shall,0
take refuge public credit cause infection attack business banking industry agriculture entire body private enterprise,1
certainly structure government rationalize could easily much government less money,1
allegedly another new covid variant float around,0
government shoehorn leave unpopular planning reform level legislation speak vacuity define mission ,1
could efficient company know well government spend money,1
rightwe extremist spread lie malicious conspiracy theory medium previous year say,0
accuse somalis donate variety politician include rep ilhan omar state senator omar fateh shukri olow run state representative state rep hodan hassan keith ellison crony,0
diverse bar important want client see represent take case advocate say,0
per capita cost government increase follow number wasdollar number number wasdollar number number wasdollar number number wasdollar number number wasdollar number number approximately dollar number,0
government ever surrender power even emergency powersnot really,1
banumber similar banumber many way carry mutation spike protein protein surface virus allow enter cell,0
numbernumber people expect belgrade parade,0
patient intact immune system really need supportive care pain control often need step antiviral treatment center disease control prevention dr sapna bamrah morris say weekend webinar host infectious disease society america,0
massachusetts cost nearly twofifth state outlay,0
cost social service exclusive education represent onefifth total expense city,0
many rail worker simply another contract could determine whether decide stay industry altogether,0
covid case decrease september covidnumber case actually decrease september plateaue summer month numbernumber case day,0
in what way,0
so I dunno,0
citizen democratic society want executive dollar 10trn financial institution play large role already define implement social value,1
current inflation rate sit approximately number percent cause stark increase price grocery utility especially electricity report npr,0
numbernumber teacher quit maryland school number baltimore school number vacancy,0
borrow money problem detroit debt,0
presumably since woke state chief justice democrat c shannon bacon fellow justice hellbent let illegal alien practice law illegal unethical conduct flow illegal alien everyday act aim escape detection authority falsely appear legal alien steal social security number document impersonate people prevent admit bar,1
write french people suppose weakness live long crown everything,0
strong case stakeholder capitalism,1
spirit move oldage pension improve poorhouse,0
commitment government make seem start slogan policy reverse engineer,1
funding exist patchwork devolve regionalcity authority require compete pot rather tax base power need,0
but there be the specious point again,0
next variant evade vaccine,1
must rise government one thing liquidate deflate time economic depression,1
central mechanism process introduction national development management policy  ndmp would override policy make local council lead decisionmaking particular site controversial subject public debate deliberation however limit,0
covid continually evolve become immune evasive accord ray omicron spawn exponentially,0
why be teacher unhappy,0
observe time prosperity government bind extend revenue plenty always purblind demand special benefit confer public credit,1
or at least so I argue,0
clique executive meta snap property london since social media giant new king cross office open year far alone,0
look freeway close lot destination like lax dtla port century city etc,0
kristine garina latvian president european pride organiser association say organiser appeal ban court,0
year however country grow like china,0
common certain reaction sight human misery squalor discomfort disadvantage believe curable wretchedness,1
virus one mutation away evade key antiviral drug use treat atrisk patient fda believe,0
number university pennsylvania study find number percent newly mint teacher quit within first five year job,0
china gdp number could dollar 2trn level forecast january reckon goldman sach another bank,0
many teacher say push past point endurance,0
gap open gdp path envisage china start year grimmer one seem probable,1
arizona allow current college student teach,0
new mexico document state license practice law shall deny base solely applicant citizenship immigration status time character fitness standard investigation section law license applicant bear burden prove good character support application,0
chart c show unvaccinated child previously infect covidnumber still prove positive immunity reinfection variant covidnumber injection may number,0
but what of american individualism,1
cost government measure one thing quantity government cost another,1
white house mainstream medium try avoid kind conversation,1
thank deep property slump government zerocovid policy entail lockdown response every outbreak virus economy forecast grow less number percentage number accord bank nomura morgan stanley ubs,1
observe another strange bedfellowship,1
biden administration cap president recent trip michigan focus largely worker right transportation innovation hand first federal grant dismantle highway build perpetuate racial discrimination,0
principle central government could revive growth,1
moreover these force be thoughtless,1
indeed government newspaper rossiskaya gazetarather improbably stand poor neglect head state complain decision force world leader go funeral motorcade special bus  gross violation diplomatic protocol ,1
accord fbi money steal use feed child go various shell company front operate somalis use buy everything porsche african property,0
stakeholder capitalism capitalism necessary popularise term first place,1
look bellwether world economy could bad consider happen high end london property market,1
they be probably right,1
stakeholder capitalism poison democracy partisan politic poison capitalism,1
though detail release appear rail union make limited meaningful gain key issue hold line,0
government serious equality levelling  would look opposite bill,1
government favor naturallythe feather least squawk radical force may nothing else common government favor ground doctrine,1
could cause company ship good truck turn could lead downward spiral rail industry cut already beleaguer workforce,0
and of course he be,0
chart b show covidnumber injection prove negative effectiveness infection among child previously infect covidnumber prior vaccination child infect covidnumber prior vaccination within number number week number month give first dose,0
that be to say we have not consciously intend it,0
recent national conference american association old age security representative connerynumber move oldage pension bill congress say evidence introduce house committee show cost oldage pension would much less state municipality present cost workhouse institution,0
variant scientist name bfnumber short banumbernumber allegedly make number percentage sequence infection last week us accord new datum us center disease control prevention,0
this be notably so in the present,0
university washington epidemiologist ali mokdad predict rise report covidnumber case,0
nevertheless rise irrespective state time continuous,0
increasingly may seem irresistibly use public credit create indigent caste indigence become comfortable many may seem goal great dependent caste refer people low income range without indigent yet dependent upon public credit security modern housing care illness protection health economic insurance amusement guidance socialservice caste mind indigent oversee dependent,1
shall cost government reduce,0
happen national income rise normal,0
skabeyevas thrive atmosphere conspiracy xenophobia,1
certain national group particularly field education recreation health sociology set percapita target toward assert every city certain population range aim,0
even discussion see clearly go,1
planning system initial institution aim democratise land planning act number define local authority responsibility set development plan decide develop persevere,0
mrna injection completely degrade human immune system vaccinated population worsen week,0
two child every nine far handicapped physically mentally need special treatment training,0
already ten year age gainfully employ whole country male female one ten directly employ government service,0
appear extremist get way,0
detail come rank file discuss agreement cast vote,0
one express timid doubt regard necessity project expense booster argue public demand matter fact originate scheme taxboosting influence emanate per capita model standard,1
predict evade immune protection vaccine natural immunity,0
leftist also fond invoke magic euphemism make social problem create go away,1
or a doctor,0
state also invade field consumption taxis formerly use almost exclusively federal government,1
but this week bfnumber surpass it,0
china leader may seek avoid past mistake even mean also forgo past success,0
projection far indicate rate number percent end number post continue,0
use code advance agenda conceal actually try,0
suit result james  yearslong investigation trump real estate dealing bloomberg report formal complaint state fraudulent activity approve high level trump organization include mr trump,0
